{
  "version": "1.0.2",
  "created_at": "2025-08-09T00:02:00.636251",
  "files": [
    {
      "path": "backup_manager.py",
      "size": 16514,
      "original_path": "C:\\launcher\\backup_manager.py"
    },
    {
      "path": "bandwidth_optimizer.py",
      "size": 25935,
      "original_path": "C:\\launcher\\bandwidth_optimizer.py"
    },
    {
      "path": "cache_manager.py",
      "size": 12476,
      "original_path": "C:\\launcher\\cache_manager.py"
    },
    {
      "path": "cdn_manager.py",
      "size": 19928,
      "original_path": "C:\\launcher\\cdn_manager.py"
    },
    {
      "path": "compile.bat",
      "size": 313,
      "original_path": "C:\\launcher\\compile.bat"
    },
    {
      "path": "crypto_utils.py",
      "size": 17135,
      "original_path": "C:\\launcher\\crypto_utils.py"
    },
    {
      "path": "delta_updates.py",
      "size": 23525,
      "original_path": "C:\\launcher\\delta_updates.py"
    },
    {
      "path": "download_manager.py",
      "size": 16042,
      "original_path": "C:\\launcher\\download_manager.py"
    },
    {
      "path": "files_list.txt",
      "size": 644,
      "original_path": "C:\\launcher\\files_list.txt"
    },
    {
      "path": "files_list.zip",
      "size": 5375078,
      "original_path": "C:\\launcher\\files_list.zip"
    },
    {
      "path": "files_list.zip.hash",
      "size": 64,
      "original_path": "C:\\launcher\\files_list.zip.hash"
    },
    {
      "path": "files_list.zip.manifest",
      "size": 3899,
      "original_path": "C:\\launcher\\files_list.zip.manifest"
    },
    {
      "path": "files_list.zip.manifest.sig",
      "size": 485,
      "original_path": "C:\\launcher\\files_list.zip.manifest.sig"
    },
    {
      "path": "files_list_delta_1.1_to_1.2.zip",
      "size": 21495,
      "original_path": "C:\\launcher\\files_list_delta_1.1_to_1.2.zip"
    },
    {
      "path": "INSTALLATION_GUIDE.md",
      "size": 9221,
      "original_path": "C:\\launcher\\INSTALLATION_GUIDE.md"
    },
    {
      "path": "intelligent_load_balancer.py",
      "size": 24418,
      "original_path": "C:\\launcher\\intelligent_load_balancer.py"
    },
    {
      "path": "Launcher.py",
      "size": 95638,
      "original_path": "C:\\launcher\\Launcher.py"
    },
    {
      "path": "Launcher.spec",
      "size": 790,
      "original_path": "C:\\launcher\\Launcher.spec"
    },
    {
      "path": "launcher_log_config.py",
      "size": 4981,
      "original_path": "C:\\launcher\\launcher_log_config.py"
    },
    {
      "path": "launcher_stats.json",
      "size": 249,
      "original_path": "C:\\launcher\\launcher_stats.json"
    },
    {
      "path": "launcher_ui_config.ui.json",
      "size": 9821,
      "original_path": "C:\\launcher\\launcher_ui_config.ui.json"
    },
    {
      "path": "p2p_distribution.py",
      "size": 12379,
      "original_path": "C:\\launcher\\p2p_distribution.py"
    },
    {
      "path": "README.md",
      "size": 14463,
      "original_path": "C:\\launcher\\README.md"
    },
    {
      "path": "requirements.txt",
      "size": 999,
      "original_path": "C:\\launcher\\requirements.txt"
    },
    {
      "path": "res.bat",
      "size": 33,
      "original_path": "C:\\launcher\\res.bat"
    },
    {
      "path": "res.py",
      "size": 4404503,
      "original_path": "C:\\launcher\\res.py"
    },
    {
      "path": "res.qrc",
      "size": 758,
      "original_path": "C:\\launcher\\res.qrc"
    },
    {
      "path": "start.bat",
      "size": 23,
      "original_path": "C:\\launcher\\start.bat"
    },
    {
      "path": "start2.bat",
      "size": 25,
      "original_path": "C:\\launcher\\start2.bat"
    },
    {
      "path": "test_system.py",
      "size": 6612,
      "original_path": "C:\\launcher\\test_system.py"
    },
    {
      "path": "Ui.bat",
      "size": 36,
      "original_path": "C:\\launcher\\Ui.bat"
    },
    {
      "path": "ui_editor.py",
      "size": 53939,
      "original_path": "C:\\launcher\\ui_editor.py"
    },
    {
      "path": "UI_EDITOR_README.md",
      "size": 8688,
      "original_path": "C:\\launcher\\UI_EDITOR_README.md"
    },
    {
      "path": "ui_enhancements.py",
      "size": 20873,
      "original_path": "C:\\launcher\\ui_enhancements.py"
    },
    {
      "path": "Update.py",
      "size": 17126,
      "original_path": "C:\\launcher\\Update.py"
    },
    {
      "path": "UPDATE_GENERATOR_GUIDE.md",
      "size": 13926,
      "original_path": "C:\\launcher\\UPDATE_GENERATOR_GUIDE.md"
    },
    {
      "path": "USER_GUIDE.md",
      "size": 19957,
      "original_path": "C:\\launcher\\USER_GUIDE.md"
    },
    {
      "path": "version.txt",
      "size": 40,
      "original_path": "C:\\launcher\\version.txt"
    },
    {
      "path": "web_content_manager.py",
      "size": 20735,
      "original_path": "C:\\launcher\\web_content_manager.py"
    },
    {
      "path": "assets\\icons\\clear.png",
      "size": 34468,
      "original_path": "C:\\launcher\\assets\\icons\\clear.png"
    },
    {
      "path": "assets\\icons\\download.png",
      "size": 11158,
      "original_path": "C:\\launcher\\assets\\icons\\download.png"
    },
    {
      "path": "assets\\images\\background.jpg",
      "size": 165829,
      "original_path": "C:\\launcher\\assets\\images\\background.jpg"
    },
    {
      "path": "assets\\images\\background.png",
      "size": 786462,
      "original_path": "C:\\launcher\\assets\\images\\background.png"
    },
    {
      "path": "assets\\images\\baner.jpg",
      "size": 63434,
      "original_path": "C:\\launcher\\assets\\images\\baner.jpg"
    },
    {
      "path": "assets\\images\\discord.jpg",
      "size": 5296,
      "original_path": "C:\\launcher\\assets\\images\\discord.jpg"
    },
    {
      "path": "assets\\images\\discord.png",
      "size": 5104,
      "original_path": "C:\\launcher\\assets\\images\\discord.png"
    },
    {
      "path": "images\\background.jpg",
      "size": 165829,
      "original_path": "C:\\launcher\\images\\background.jpg"
    },
    {
      "path": "images\\background.png",
      "size": 786462,
      "original_path": "C:\\launcher\\images\\background.png"
    },
    {
      "path": "images\\baner.png",
      "size": 232354,
      "original_path": "C:\\launcher\\images\\baner.png"
    },
    {
      "path": "images\\close.png",
      "size": 359,
      "original_path": "C:\\launcher\\images\\close.png"
    },
    {
      "path": "images\\discord.png",
      "size": 1313,
      "original_path": "C:\\launcher\\images\\discord.png"
    },
    {
      "path": "images\\discord_hover.png",
      "size": 1288,
      "original_path": "C:\\launcher\\images\\discord_hover.png"
    },
    {
      "path": "images\\facebook.png",
      "size": 1028,
      "original_path": "C:\\launcher\\images\\facebook.png"
    },
    {
      "path": "images\\facebook_hover.png",
      "size": 1013,
      "original_path": "C:\\launcher\\images\\facebook_hover.png"
    },
    {
      "path": "images\\globe.png",
      "size": 1346,
      "original_path": "C:\\launcher\\images\\globe.png"
    },
    {
      "path": "images\\globe_hover.png",
      "size": 1274,
      "original_path": "C:\\launcher\\images\\globe_hover.png"
    },
    {
      "path": "images\\instagram.png",
      "size": 1501,
      "original_path": "C:\\launcher\\images\\instagram.png"
    },
    {
      "path": "images\\instagram_hover.png",
      "size": 1474,
      "original_path": "C:\\launcher\\images\\instagram_hover.png"
    },
    {
      "path": "images\\logo.png",
      "size": 14815,
      "original_path": "C:\\launcher\\images\\logo.png"
    },
    {
      "path": "images\\minimize-sign.png",
      "size": 234,
      "original_path": "C:\\launcher\\images\\minimize-sign.png"
    },
    {
      "path": "images\\telegram.png",
      "size": 1577,
      "original_path": "C:\\launcher\\images\\telegram.png"
    },
    {
      "path": "images\\telegram_hover.png",
      "size": 1590,
      "original_path": "C:\\launcher\\images\\telegram_hover.png"
    },
    {
      "path": "images\\vk.png",
      "size": 1304,
      "original_path": "C:\\launcher\\images\\vk.png"
    },
    {
      "path": "images\\vk_hover.png",
      "size": 1310,
      "original_path": "C:\\launcher\\images\\vk_hover.png"
    },
    {
      "path": "images\\baner\\background.png",
      "size": 786462,
      "original_path": "C:\\launcher\\images\\baner\\background.png"
    },
    {
      "path": "images\\baner\\baner.png",
      "size": 232354,
      "original_path": "C:\\launcher\\images\\baner\\baner.png"
    },
    {
      "path": "images\\baner\\free-sticker-love-4359717 (1).png",
      "size": 2230,
      "original_path": "C:\\launcher\\images\\baner\\free-sticker-love-4359717 (1).png"
    },
    {
      "path": "images\\baner\\free-sticker-love-4359717 (2).png",
      "size": 13394,
      "original_path": "C:\\launcher\\images\\baner\\free-sticker-love-4359717 (2).png"
    },
    {
      "path": "images\\baner\\logo.png",
      "size": 14815,
      "original_path": "C:\\launcher\\images\\baner\\logo.png"
    }
  ]
}